序号,链接,节点数
0,https://gist.githubusercontent.com/peasoft/40b87245630092f30cc98af61190b4e2/raw/,10
1,https://h7Mj4k.absslk.xyz/7a8ef31f36058fe7dd4c83be44acf75f,0
2,https://pai.yt/clash,0
3,https://raw.githubusercontent.com/Huibq/TrojanLinks/master/links/vmess,0
4,https://raw.githubusercontent.com/Surfboardv2ray/TGParse/main/python/hy2,2
5,https://raw.githubusercontent.com/Surfboardv2ray/TGParse/main/python/hysteria2,13
6,https://raw.githubusercontent.com/ripaojiedian/freenode/main/clash,16
7,https://raw.githubusercontent.com/ripaojiedian/freenode/main/sub,16
8,https://raw.githubusercontent.com/shaoyouvip/free/refs/heads/main/all.yaml,49
9,https://raw.githubusercontent.com/zhangkaiitugithub/passcro/main/speednodes.yaml,23

总计,,102
